week,match_date,home_team,away_team,predicted_home_goals,predicted_away_goals,actual_home_goals,actual_away_goals,home_error,away_error,total_error,epsilon,season_penalty,n_simulations
2024-09-30/2024-10-06,2024-09-30,Bournemouth,Southampton,1.4817888873591882,0.23144756135789177,3,1,1.5182111126408118,0.7685524386421082,2.28676355128292,0.0005,1,25
2024-09-30/2024-10-06,2024-10-05,Arsenal,Southampton,2.299834964664463,0.09217982427447813,3,1,0.7001650353355369,0.9078201757255219,1.6079852110610586,0.0005,1,25
2024-09-30/2024-10-06,2024-10-05,Crystal Palace,Liverpool,1.0622209284999613,1.5273046758132527,0,1,1.0622209284999613,0.5273046758132527,1.589525604313214,0.0005,1,25
2024-09-30/2024-10-06,2024-10-05,Manchester City,Fulham,2.4974302974002116,0.6619768734778985,3,2,0.5025697025997884,1.3380231265221014,1.8405928291218898,0.0005,1,25
2024-09-30/2024-10-06,2024-10-05,West Ham,Ipswich Town,1.3563980795247363,0.7016357258467205,4,1,2.6436019204752634,0.2983642741532795,2.941966194628543,0.0005,1,25
2024-09-30/2024-10-06,2024-10-05,Brentford,Wolves,1.7560023366872695,1.049196210648921,5,3,3.2439976633127303,1.950803789351079,5.1948014526638095,0.0005,1,25
2024-09-30/2024-10-06,2024-10-05,Leicester City,Bournemouth,1.4299294055104268,1.0086634068952405,1,0,0.4299294055104268,1.0086634068952405,1.4385928124056673,0.0005,1,25
2024-09-30/2024-10-06,2024-10-05,Everton,Newcastle Utd,1.2770665477593224,1.380266316845801,0,0,1.2770665477593224,1.380266316845801,2.6573328646051233,0.0005,1,25
2024-09-30/2024-10-06,2024-10-06,Aston Villa,Manchester Utd,1.9898791823468152,1.134733512998597,0,0,1.9898791823468152,1.134733512998597,3.1246126953454123,0.0005,1,25
2024-09-30/2024-10-06,2024-10-06,Brighton,Tottenham,1.2864710490173972,1.3730127174730002,3,2,1.7135289509826028,0.6269872825269998,2.340516233509603,0.0005,1,25
2024-09-30/2024-10-06,2024-10-06,Chelsea,Nott'ham Forest,2.790680670265147,1.0256463897489194,1,1,1.790680670265147,0.025646389748919418,1.8163270600140664,0.0005,1,25
2024-10-14/2024-10-20,2024-10-19,Bournemouth,Arsenal,0.7702508698205612,1.7274470216839706,2,0,1.2297491301794388,1.7274470216839706,2.9571961518634096,0.0005,1,25
2024-10-14/2024-10-20,2024-10-19,Fulham,Aston Villa,1.6720625321210791,1.2579034583774333,1,2,0.6720625321210791,0.7420965416225667,1.4141590737436458,0.0005,1,25
2024-10-14/2024-10-20,2024-10-19,Southampton,Leicester City,0.4115890654570111,0.9250169943875253,2,3,1.5884109345429889,2.0749830056124745,3.6633939401554634,0.0005,1,25
2024-10-14/2024-10-20,2024-10-19,Tottenham,West Ham,2.505330841876539,1.1771129675545904,3,1,0.494669158123461,0.17711296755459038,0.6717821256780514,0.0005,1,25
2024-10-14/2024-10-20,2024-10-19,Newcastle Utd,Brighton,2.0063365659280685,0.9161359425701595,0,1,2.0063365659280685,0.08386405742984049,2.090200623357909,0.0005,1,25
2024-10-14/2024-10-20,2024-10-19,Manchester Utd,Brentford,1.763276266564416,1.0285403155219297,2,1,0.23672373343558406,0.028540315521929704,0.26526404895751377,0.0005,1,25
2024-10-14/2024-10-20,2024-10-19,Ipswich Town,Everton,0.7506516843265543,0.8528582378330145,0,2,0.7506516843265543,1.1471417621669855,1.8977934464935398,0.0005,1,25
2024-10-14/2024-10-20,2024-10-20,Wolves,Manchester City,0.8923504655184356,2.304593394748478,1,2,0.10764953448156445,0.304593394748478,0.41224292923004247,0.0005,1,25
2024-10-14/2024-10-20,2024-10-20,Liverpool,Chelsea,2.3116906598145954,1.0409636227329873,2,1,0.3116906598145954,0.04096362273298726,0.3526542825475827,0.0005,1,25
2024-10-21/2024-10-27,2024-10-21,Nott'ham Forest,Crystal Palace,1.4783849545995205,1.2037370649982293,1,0,0.47838495459952046,1.2037370649982293,1.6821220195977498,0.0005,1,25
2024-10-21/2024-10-27,2024-10-25,Leicester City,Nott'ham Forest,1.5673712285394925,0.9035592136877427,1,3,0.5673712285394925,2.0964407863122574,2.66381201485175,0.0005,1,25
2024-10-21/2024-10-27,2024-10-26,Brighton,Wolves,1.5980778585632123,0.8914461783547047,2,2,0.4019221414367877,1.1085538216452953,1.510475963082083,0.0005,1,25
2024-10-21/2024-10-27,2024-10-26,Brentford,Ipswich Town,1.8063830195399404,0.5726561279538754,4,3,2.1936169804600594,2.4273438720461247,4.620960852506184,0.0005,1,25
2024-10-21/2024-10-27,2024-10-26,Everton,Fulham,1.1486282991551482,0.985477699703553,1,1,0.1486282991551482,0.014522300296446966,0.16315059945159516,0.0005,1,25
2024-10-21/2024-10-27,2024-10-26,Aston Villa,Bournemouth,1.9640876704658272,1.0988284979226992,1,1,0.9640876704658272,0.09882849792269921,1.0629161683885264,0.0005,1,25
2024-10-21/2024-10-27,2024-10-26,Manchester City,Southampton,3.366451086186715,0.28749360757081716,1,0,2.366451086186715,0.28749360757081716,2.6539446937575324,0.0005,1,25
2024-10-21/2024-10-27,2024-10-27,Arsenal,Liverpool,1.4298511706690669,0.7400584150598322,2,2,0.5701488293309331,1.2599415849401678,1.830090414271101,0.0005,1,25
2024-10-21/2024-10-27,2024-10-27,Crystal Palace,Tottenham,1.7001662886484041,1.4311880326649375,1,0,0.7001662886484041,1.4311880326649375,2.1313543213133417,0.0005,1,25
2024-10-21/2024-10-27,2024-10-27,West Ham,Manchester Utd,1.4692154449544728,1.362390060547585,2,1,0.5307845550455272,0.36239006054758494,0.8931746155931122,0.0005,1,25
2024-10-21/2024-10-27,2024-10-27,Chelsea,Newcastle Utd,2.4832263990092653,1.4844791214576976,2,1,0.48322639900926534,0.48447912145769756,0.9677055204669629,0.0005,1,25
2024-10-28/2024-11-03,2024-11-02,Newcastle Utd,Arsenal,1.011580578231324,1.6352926627307318,1,0,0.011580578231324079,1.6352926627307318,1.646873240962056,0.0005,1,25
2024-10-28/2024-11-03,2024-11-02,Bournemouth,Manchester City,1.014246456704231,1.8066033489432294,2,1,0.9857535432957689,0.8066033489432294,1.7923568922389983,0.0005,1,25
2024-10-28/2024-11-03,2024-11-02,Wolves,Crystal Palace,1.3682976440491375,1.3398629087264493,2,2,0.6317023559508625,0.6601370912735507,1.2918394472244132,0.0005,1,25
2024-10-28/2024-11-03,2024-11-02,Nott'ham Forest,West Ham,1.8072657338387643,1.1496720159905047,3,0,1.1927342661612357,1.1496720159905047,2.3424062821517406,0.0005,1,25
2024-10-28/2024-11-03,2024-11-02,Southampton,Everton,0.5308214040794228,0.9000384059822676,1,0,0.4691785959205772,0.9000384059822676,1.369217001902845,0.0005,1,25
2024-10-28/2024-11-03,2024-11-02,Liverpool,Brighton,2.037816095793696,0.5648738652275627,2,1,0.037816095793695936,0.43512613477243733,0.47294223056613327,0.0005,1,25
2024-10-28/2024-11-03,2024-11-02,Ipswich Town,Leicester City,1.064150439570338,1.2075758205472362,1,1,0.06415043957033806,0.20757582054723622,0.2717262601175743,0.0005,1,25
2024-10-28/2024-11-03,2024-11-03,Manchester Utd,Chelsea,1.6560238653006238,1.5535846383277785,1,1,0.6560238653006238,0.5535846383277785,1.2096085036284023,0.0005,1,25
2024-10-28/2024-11-03,2024-11-03,Tottenham,Aston Villa,1.9306539277483086,1.3706676216036935,4,1,2.069346072251691,0.3706676216036935,2.4400136938553847,0.0005,1,25
2024-11-04/2024-11-10,2024-11-04,Fulham,Brentford,2.0839697575807716,1.0643427776991288,2,1,0.08396975758077163,0.06434277769912877,0.1483125352799004,0.0005,1,25
2024-11-04/2024-11-10,2024-11-09,Brighton,Manchester City,0.8542935980410892,1.6347509615015714,2,1,1.1457064019589107,0.6347509615015714,1.7804573634604821,0.0005,1,25
2024-11-04/2024-11-10,2024-11-09,Liverpool,Aston Villa,2.2780275100977825,0.8269083742824602,2,0,0.2780275100977825,0.8269083742824602,1.1049358843802426,0.0005,1,25
2024-11-04/2024-11-10,2024-11-09,Brentford,Bournemouth,1.6008057468773373,1.4155201084928053,3,2,1.3991942531226627,0.5844798915071947,1.9836741446298574,0.0005,1,25
2024-11-04/2024-11-10,2024-11-09,Crystal Palace,Fulham,1.523053099875988,1.1030499954055202,0,2,1.523053099875988,0.8969500045944798,2.4200031044704677,0.0005,1,25
2024-11-04/2024-11-10,2024-11-09,West Ham,Everton,1.4684141168269234,0.9954388099060718,0,0,1.4684141168269234,0.9954388099060718,2.4638529267329954,0.0005,1,25
2024-11-04/2024-11-10,2024-11-09,Wolves,Southampton,1.5058921472695104,0.5629292493458977,2,0,0.4941078527304896,0.5629292493458977,1.0570371020763873,0.0005,1,25
2024-11-04/2024-11-10,2024-11-10,Tottenham,Ipswich Town,2.578983689802968,0.7456711234330853,1,2,1.578983689802968,1.2543288765669147,2.833312566369883,0.0005,1,25
2024-11-04/2024-11-10,2024-11-10,Nott'ham Forest,Newcastle Utd,1.5002841606091104,1.3358430918626716,1,3,0.5002841606091104,1.6641569081373284,2.164441068746439,0.0005,1,25
2024-11-04/2024-11-10,2024-11-10,Chelsea,Arsenal,1.308715297632257,1.577745389570175,1,1,0.3087152976322569,0.577745389570175,0.8864606872024319,0.0005,1,25
2024-11-04/2024-11-10,2024-11-10,Manchester Utd,Leicester City,1.6886923135123773,0.8664134776064742,2,0,0.31130768648762275,0.8664134776064742,1.177721164094097,0.0005,1,25
2024-11-18/2024-11-24,2024-11-23,Leicester City,Chelsea,1.3576792249649103,1.7390897036246695,1,2,0.35767922496491034,0.2609102963753305,0.6185895213402408,0.0005,1,25
2024-11-18/2024-11-24,2024-11-23,Manchester City,Tottenham,2.548705476588337,0.8556863486538727,0,4,2.548705476588337,3.144313651346127,5.693019127934464,0.0005,1,25
2024-11-18/2024-11-24,2024-11-23,Fulham,Wolves,2.2086281871640594,0.932597322402148,1,4,1.2086281871640594,3.067402677597852,4.276030864761911,0.0005,1,25
2024-11-18/2024-11-24,2024-11-23,Aston Villa,Crystal Palace,1.8179766902139645,1.0612363543308094,2,2,0.18202330978603554,0.9387636456691906,1.120786955455226,0.0005,1,25
2024-11-18/2024-11-24,2024-11-23,Bournemouth,Brighton,1.5796949754628828,0.9455521569949702,1,2,0.5796949754628828,1.05444784300503,1.6341428184679128,0.0005,1,25
2024-11-18/2024-11-24,2024-11-23,Everton,Brentford,1.3422285681442336,1.01968325179075,0,0,1.3422285681442336,1.01968325179075,2.3619118199349836,0.0005,1,25
2024-11-18/2024-11-24,2024-11-23,Arsenal,Nott'ham Forest,2.33518568717454,0.5244296133112186,3,0,0.66481431282546,0.5244296133112186,1.1892439261366787,0.0005,1,25
2024-11-18/2024-11-24,2024-11-24,Southampton,Liverpool,0.39048286708272834,1.567517019025685,2,3,1.6095171329172717,1.432482980974315,3.0420001138915866,0.0005,1,25
2024-11-18/2024-11-24,2024-11-24,Ipswich Town,Manchester Utd,1.0994010735952733,1.3407814443694206,1,1,0.09940107359527328,0.3407814443694206,0.4401825179646939,0.0005,1,25
2024-11-25/2024-12-01,2024-11-25,Newcastle Utd,West Ham,2.441741259930347,1.0273887322450401,0,2,2.441741259930347,0.9726112677549599,3.414352527685307,0.0005,1,25
2024-11-25/2024-12-01,2024-11-29,Brighton,Southampton,1.6338114213702106,0.46576869931015236,1,1,0.6338114213702106,0.5342313006898476,1.1680427220600582,0.0005,1,25
2024-11-25/2024-12-01,2024-11-30,Nott'ham Forest,Ipswich Town,1.733210689255537,0.8184508785778499,1,0,0.733210689255537,0.8184508785778499,1.551661567833387,0.0005,1,25
2024-11-25/2024-12-01,2024-11-30,Crystal Palace,Newcastle Utd,1.4924816001424297,1.3464166661979673,1,0,0.4924816001424297,1.3464166661979673,1.838898266340397,0.0005,1,25
2024-11-25/2024-12-01,2024-11-30,Brentford,Leicester City,1.751533572407315,1.0562287843167795,4,1,2.248466427592685,0.05622878431677947,2.3046952119094644,0.0005,1,25
2024-11-25/2024-12-01,2024-11-30,Wolves,Bournemouth,1.5286633403503305,1.395395768266901,2,4,0.47133665964966953,2.604604231733099,3.0759408913827686,0.0005,1,25
2024-11-25/2024-12-01,2024-11-30,West Ham,Arsenal,0.7545718684850604,1.884253267758457,2,5,1.2454281315149396,3.115746732241543,4.3611748637564824,0.0005,1,25
2024-11-25/2024-12-01,2024-12-01,Chelsea,Aston Villa,2.4778295404448465,1.302025956272517,3,0,0.5221704595551535,1.302025956272517,1.8241964158276704,0.0005,1,25
2024-11-25/2024-12-01,2024-12-01,Manchester Utd,Everton,1.3840039815915341,0.6786283826300007,4,0,2.615996018408466,0.6786283826300007,3.2946244010384667,0.0005,1,25
2024-11-25/2024-12-01,2024-12-01,Liverpool,Manchester City,1.4731195398464711,1.0803817046808917,2,0,0.5268804601535289,1.0803817046808917,1.6072621648344205,0.0005,1,25
2024-11-25/2024-12-01,2024-12-01,Tottenham,Fulham,2.0837275149825087,1.1952827053398072,1,1,1.0837275149825087,0.19528270533980718,1.279010220322316,0.0005,1,25
2024-12-02/2024-12-08,2024-12-03,Leicester City,West Ham,1.5934083401988266,1.2725312514685956,3,1,1.4065916598011734,0.2725312514685956,1.679122911269769,0.0005,1,25
2024-12-02/2024-12-08,2024-12-03,Ipswich Town,Crystal Palace,0.9827450614947456,1.1861761854406767,0,1,0.9827450614947456,0.1861761854406767,1.1689212469354224,0.0005,1,25
2024-12-02/2024-12-08,2024-12-04,Aston Villa,Brentford,2.2027643699723427,1.277990394537302,3,1,0.7972356300276573,0.2779903945373019,1.0752260245649592,0.0005,1,25
2024-12-02/2024-12-08,2024-12-04,Arsenal,Manchester Utd,2.2632302038455454,0.6118724165696331,2,0,0.2632302038455454,0.6118724165696331,0.8751026204151785,0.0005,1,25
2024-12-02/2024-12-08,2024-12-04,Southampton,Chelsea,0.7456908991564315,1.8206454342978438,1,5,0.2543091008435685,3.1793545657021562,3.4336636665457245,0.0005,1,25
2024-12-02/2024-12-08,2024-12-04,Everton,Wolves,1.3186563431353546,0.9306599983553855,2,0,0.6813436568646454,0.9306599983553855,1.6120036552200308,0.0005,1,25
2024-12-02/2024-12-08,2024-12-04,Newcastle Utd,Liverpool,1.2062290557397097,1.5174735252439566,3,3,1.7937709442602903,1.4825264747560434,3.2762974190163336,0.0005,1,25
2024-12-02/2024-12-08,2024-12-04,Manchester City,Nott'ham Forest,2.2891760713940914,0.6646819760223416,3,0,0.7108239286059086,0.6646819760223416,1.37550590462825,0.0005,1,25
2024-12-02/2024-12-08,2024-12-05,Fulham,Brighton,1.5752447708914468,0.9186047773611216,2,1,0.42475522910855323,0.08139522263887844,0.5061504517474317,0.0005,1,25
2024-12-02/2024-12-08,2024-12-05,Bournemouth,Tottenham,1.7128981272563197,1.4515237748312342,1,0,0.7128981272563197,1.4515237748312342,2.164421902087554,0.0005,1,25
2024-12-02/2024-12-08,2024-12-07,Brentford,Newcastle Utd,1.7374318205630497,1.5375072743028817,4,2,2.2625681794369505,0.4624927256971183,2.725060905134069,0.0005,1,25
2024-12-02/2024-12-08,2024-12-07,Manchester Utd,Nott'ham Forest,1.6278969011206197,0.9332138545361267,2,3,0.3721030988793803,2.0667861454638734,2.4388892443432537,0.0005,1,25
2024-12-02/2024-12-08,2024-12-07,Aston Villa,Southampton,2.016645328468729,0.575176906820025,1,0,1.0166453284687291,0.575176906820025,1.591822235288754,0.0005,1,25
2024-12-02/2024-12-08,2024-12-07,Crystal Palace,Manchester City,1.0276668541354606,1.478613401558772,2,2,0.9723331458645394,0.521386598441228,1.4937197443057675,0.0005,1,25
2024-12-02/2024-12-08,2024-12-08,Fulham,Arsenal,0.9221633134390395,1.5702719994336956,1,1,0.07783668656096054,0.5702719994336956,0.6481086859946561,0.0005,1,25
2024-12-02/2024-12-08,2024-12-08,Ipswich Town,Bournemouth,1.0572533098412789,1.3349895539678835,1,2,0.057253309841278854,0.6650104460321165,0.7222637558733953,0.0005,1,25
2024-12-02/2024-12-08,2024-12-08,Leicester City,Brighton,1.1950064523498922,1.1124659405687127,2,2,0.8049935476501078,0.8875340594312873,1.692527607081395,0.0005,1,25
2024-12-02/2024-12-08,2024-12-08,Tottenham,Chelsea,2.0135597503989406,1.6482678354124767,3,4,0.9864402496010594,2.3517321645875233,3.3381724141885827,0.0005,1,25
2024-12-09/2024-12-15,2024-12-09,West Ham,Wolves,2.020593430349101,1.3332213834936852,2,1,0.020593430349101105,0.33322138349368524,0.35381481384278635,0.0005,1,25
2024-12-09/2024-12-15,2024-12-14,Liverpool,Fulham,2.128585343589088,0.7029967852898696,2,2,0.12858534358908802,1.2970032147101302,1.4255885582992183,0.0005,1,25
2024-12-09/2024-12-15,2024-12-14,Newcastle Utd,Leicester City,2.366196888230021,1.0405009570552524,4,0,1.633803111769979,1.0405009570552524,2.674304068825231,0.0005,1,25
2024-12-09/2024-12-15,2024-12-14,Arsenal,Everton,2.0858412230881807,0.3391002164130609,0,0,2.0858412230881807,0.3391002164130609,2.4249414395012416,0.0005,1,25
2024-12-09/2024-12-15,2024-12-14,Wolves,Ipswich Town,1.7630470698467755,0.8491084844412511,1,1,0.7630470698467755,0.1508915155587489,0.9139385854055244,0.0005,1,25
2024-12-09/2024-12-15,2024-12-14,Nott'ham Forest,Aston Villa,1.6586338081097682,1.1582977721494754,2,1,0.34136619189023176,0.15829777214947538,0.49966396403970714,0.0005,1,25
2024-12-09/2024-12-15,2024-12-15,Chelsea,Brentford,3.160676509316821,1.1549187670658323,2,1,1.1606765093168212,0.1549187670658323,1.3155952763826535,0.0005,1,25
2024-12-09/2024-12-15,2024-12-15,Manchester City,Manchester Utd,2.4430446454253416,0.7486923555807885,1,2,1.4430446454253416,1.2513076444192115,2.694352289844553,0.0005,1,25
2024-12-09/2024-12-15,2024-12-15,Southampton,Tottenham,0.7533931716094028,1.6639520215204133,0,5,0.7533931716094028,3.336047978479587,4.08944115008899,0.0005,1,25
2024-12-09/2024-12-15,2024-12-15,Brighton,Crystal Palace,1.2328737956672065,0.9949810521085671,0,3,1.2328737956672065,2.0050189478914326,3.237892743558639,0.0005,1,25
2024-12-16/2024-12-22,2024-12-16,Bournemouth,West Ham,1.9269046270324983,1.083837211919907,1,1,0.9269046270324983,0.0838372119199069,1.0107418389524052,0.0005,1,25
2024-12-16/2024-12-22,2024-12-21,Crystal Palace,Arsenal,0.7774975954247269,1.3683459466219374,1,5,0.22250240457527315,3.6316540533780626,3.854156457953336,0.0005,1,25
2024-12-16/2024-12-22,2024-12-21,Aston Villa,Manchester City,1.1903279756667835,1.86385821661542,2,1,0.8096720243332165,0.8638582166154201,1.6735302409486366,0.0005,1,25
2024-12-16/2024-12-22,2024-12-21,Brentford,Nott'ham Forest,1.6923422804340411,1.3319846128221078,0,2,1.6923422804340411,0.6680153871778922,2.3603576676119333,0.0005,1,25
2024-12-16/2024-12-22,2024-12-21,West Ham,Brighton,1.4980962102119713,1.1273107690056852,1,1,0.49809621021197126,0.12731076900568516,0.6254069792176564,0.0005,1,25
2024-12-16/2024-12-22,2024-12-21,Ipswich Town,Newcastle Utd,0.9682529082435418,1.5613060664263967,0,4,0.9682529082435418,2.438693933573603,3.406946841817145,0.0005,1,25
2024-12-16/2024-12-22,2024-12-22,Everton,Chelsea,0.8790886500182481,1.558211920777436,0,0,0.8790886500182481,1.558211920777436,2.437300570795684,0.0005,1,25
2024-12-16/2024-12-22,2024-12-22,Manchester Utd,Bournemouth,1.7036598200014623,1.0554362128061232,0,3,1.7036598200014623,1.9445637871938768,3.648223607195339,0.0005,1,25
2024-12-16/2024-12-22,2024-12-22,Fulham,Southampton,1.95106100863092,0.45276847313710744,0,0,1.95106100863092,0.45276847313710744,2.4038294817680272,0.0005,1,25
2024-12-16/2024-12-22,2024-12-22,Leicester City,Wolves,1.7556094528749246,1.2968089343115812,0,3,1.7556094528749246,1.7031910656884188,3.4588005185633435,0.0005,1,25
2024-12-16/2024-12-22,2024-12-22,Tottenham,Liverpool,1.4070624693742093,1.583449702864522,3,6,1.5929375306257907,4.416550297135478,6.009487827761268,0.0005,1,25
2024-12-23/2024-12-29,2024-12-26,Southampton,West Ham,0.7731807641897791,1.304781866205684,0,1,0.7731807641897791,0.30478186620568404,1.0779626303954633,0.0005,1,25
2024-12-23/2024-12-29,2024-12-26,Chelsea,Fulham,2.2955752979073463,0.9407337312563838,1,2,1.2955752979073463,1.0592662687436163,2.3548415666509626,0.0005,1,25
2024-12-23/2024-12-29,2024-12-26,Wolves,Manchester Utd,1.5809707122377696,1.4784500086302417,2,0,0.41902928776223036,1.4784500086302417,1.897479296392472,0.0005,1,25
2024-12-23/2024-12-29,2024-12-26,Manchester City,Everton,2.00050376460662,0.4116824281759135,1,1,1.00050376460662,0.5883175718240865,1.5888213364307064,0.0005,1,25
2024-12-23/2024-12-29,2024-12-26,Bournemouth,Crystal Palace,1.4534807446267821,1.058307860805653,0,0,1.4534807446267821,1.058307860805653,2.511788605432435,0.0005,1,25
2024-12-23/2024-12-29,2024-12-26,Newcastle Utd,Aston Villa,2.226434877743247,1.264587891910385,3,0,0.7735651222567528,1.264587891910385,2.038153014167138,0.0005,1,25
2024-12-23/2024-12-29,2024-12-26,Liverpool,Leicester City,3.0606480012139725,0.621622849711561,3,1,0.06064800121397251,0.378377150288439,0.4390251515024115,0.0005,1,25
2024-12-23/2024-12-29,2024-12-26,Nott'ham Forest,Tottenham,1.7459238381585853,1.3362066525450529,1,0,0.7459238381585853,1.3362066525450529,2.082130490703638,0.0005,1,25
2024-12-23/2024-12-29,2024-12-27,Arsenal,Ipswich Town,2.8610757109840645,0.3094912994542872,1,0,1.8610757109840645,0.3094912994542872,2.1705670104383517,0.0005,1,25
2024-12-23/2024-12-29,2024-12-27,Brighton,Brentford,1.5972487893362919,1.1889544786135766,0,0,1.5972487893362919,1.1889544786135766,2.7862032679498685,0.0005,1,25
2024-12-23/2024-12-29,2024-12-29,Tottenham,Wolves,2.632175932927995,1.2311678116393534,2,2,0.632175932927995,0.7688321883606466,1.4010081212886416,0.0005,1,25
2024-12-23/2024-12-29,2024-12-29,Leicester City,Manchester City,0.816221603299947,2.1322054167827407,0,2,0.816221603299947,0.13220541678274067,0.9484270200826876,0.0005,1,25
2024-12-23/2024-12-29,2024-12-29,Fulham,Bournemouth,1.3939398771141898,1.0470320093791934,2,2,0.6060601228858102,0.9529679906208066,1.5590281135066169,0.0005,1,25
2024-12-23/2024-12-29,2024-12-29,Crystal Palace,Southampton,1.8899578018803618,0.40730204370407713,2,1,0.11004219811963822,0.5926979562959229,0.7027401544155611,0.0005,1,25
2024-12-23/2024-12-29,2024-12-29,West Ham,Liverpool,1.0890597219308518,2.033474206227997,0,5,1.0890597219308518,2.966525793772003,4.055585515702855,0.0005,1,25
2024-12-23/2024-12-29,2024-12-29,Everton,Nott'ham Forest,0.7817587804738612,0.9559721820399217,0,2,0.7817587804738612,1.0440278179600782,1.8257865984339392,0.0005,1,25
2024-12-30/2025-01-05,2024-12-30,Ipswich Town,Chelsea,0.8055919507684158,2.0712515144800006,2,0,1.1944080492315843,2.0712515144800006,3.265659563711585,0.0005,1,25
2024-12-30/2025-01-05,2024-12-30,Aston Villa,Brighton,1.5805358801941722,0.9531120652948456,2,2,0.41946411980582776,1.0468879347051545,1.4663520545109823,0.0005,1,25
2024-12-30/2025-01-05,2024-12-30,Manchester Utd,Newcastle Utd,1.576589417693398,1.5414417571561227,0,2,1.576589417693398,0.45855824284387725,2.0351476605372754,0.0005,1,25
2024-12-30/2025-01-05,2025-01-01,Brentford,Arsenal,0.8189522703569795,1.9756108781208694,1,3,0.18104772964302052,1.0243891218791306,1.2054368515221512,0.0005,1,25
2024-12-30/2025-01-05,2025-01-04,Southampton,Brentford,0.7072688973942158,1.5300666108655332,0,5,0.7072688973942158,3.469933389134467,4.177202286528683,0.0005,1,25
2024-12-30/2025-01-05,2025-01-04,Aston Villa,Leicester City,2.2418379345209876,0.9637790978310167,2,1,0.24183793452098756,0.03622090216898333,0.2780588366899709,0.0005,1,25
2024-12-30/2025-01-05,2025-01-04,Bournemouth,Everton,1.270601680253703,0.5865029296916782,1,0,0.270601680253703,0.5865029296916782,0.8571046099453812,0.0005,1,25
2024-12-30/2025-01-05,2025-01-04,Tottenham,Newcastle Utd,1.9409991103202962,1.6356196397838523,1,2,0.9409991103202962,0.3643803602161477,1.3053794705364439,0.0005,1,25
2024-12-30/2025-01-05,2025-01-04,Manchester City,West Ham,2.9972399496180704,0.684367232711512,3,1,0.002760050381929613,0.315632767288488,0.3183928176704176,0.0005,1,25
2024-12-30/2025-01-05,2025-01-04,Brighton,Arsenal,0.555717935401173,1.561945675913028,1,1,0.444282064598827,0.5619456759130279,1.006227740511855,0.0005,1,25
2024-12-30/2025-01-05,2025-01-04,Crystal Palace,Chelsea,1.4256627957381807,1.6041199446232302,1,1,0.42566279573818067,0.6041199446232302,1.0297827403614108,0.0005,1,25
2024-12-30/2025-01-05,2025-01-05,Fulham,Ipswich Town,1.8199625531760444,0.5491567579846793,2,2,0.18003744682395562,1.4508432420153206,1.6308806888392762,0.0005,1,25
2024-12-30/2025-01-05,2025-01-05,Liverpool,Manchester Utd,2.4741513249897547,0.8453986273096938,2,2,0.47415132498975465,1.1546013726903062,1.6287526976800608,0.0005,1,25
2025-01-13/2025-01-19,2025-01-14,Brentford,Manchester City,1.2454453080887002,1.9076660640987795,2,2,0.7545546919112998,0.09233393590122052,0.8468886278125203,0.0005,1,25
2025-01-13/2025-01-19,2025-01-14,West Ham,Fulham,1.351394469575872,1.5156737717293955,3,2,1.648605530424128,0.48432622827060445,2.1329317586947325,0.0005,1,25
2025-01-13/2025-01-19,2025-01-14,Chelsea,Bournemouth,2.211918364397107,1.0120155575173295,2,2,0.21191836439710698,0.9879844424826705,1.1999028068797775,0.0005,1,25
2025-01-13/2025-01-19,2025-01-14,Nott'ham Forest,Liverpool,1.1031871927203518,1.3939976146352606,1,1,0.10318719272035182,0.3939976146352606,0.49718480735561243,0.0005,1,25
2025-01-13/2025-01-19,2025-01-15,Leicester City,Crystal Palace,1.063995746632082,1.3914162198205728,0,2,1.063995746632082,0.6085837801794272,1.6725795268115091,0.0005,1,25
2025-01-13/2025-01-19,2025-01-15,Newcastle Utd,Wolves,2.6907037807289957,0.9218450778735855,3,0,0.30929621927100426,0.9218450778735855,1.2311412971445899,0.0005,1,25
2025-01-13/2025-01-19,2025-01-15,Arsenal,Tottenham,2.5916241427292714,0.6533084345043604,1,1,1.5916241427292714,0.3466915654956396,1.938315708224911,0.0005,1,25
2025-01-13/2025-01-19,2025-01-15,Everton,Aston Villa,0.9344902856273444,1.001039679090091,0,1,0.9344902856273444,0.0010396790900910613,0.9355299647174354,0.0005,1,25
2025-01-13/2025-01-19,2025-01-16,Manchester Utd,Southampton,2.098564164514521,0.42112451575202137,3,0,0.9014358354854788,0.42112451575202137,1.3225603512375002,0.0005,1,25
2025-01-13/2025-01-19,2025-01-16,Ipswich Town,Brighton,0.928259960053756,1.0141294643286713,0,2,0.928259960053756,0.9858705356713287,1.9141304957250846,0.0005,1,25
2025-01-13/2025-01-19,2025-01-18,Leicester City,Fulham,1.0922596548371684,1.4405589500328477,0,2,1.0922596548371684,0.5594410499671523,1.6517007048043206,0.0005,1,25
2025-01-13/2025-01-19,2025-01-18,Arsenal,Aston Villa,2.6591079030411944,0.5680634594305293,2,2,0.6591079030411944,1.4319365405694708,2.091044443610665,0.0005,1,25
2025-01-13/2025-01-19,2025-01-18,West Ham,Crystal Palace,1.3164250471790995,1.4639686004469425,0,2,1.3164250471790995,0.5360313995530575,1.852456446732157,0.0005,1,25
2025-01-13/2025-01-19,2025-01-18,Brentford,Liverpool,1.3407487226238644,1.973452603570464,0,2,1.3407487226238644,0.026547396429535963,1.3672961190534003,0.0005,1,25
2025-01-13/2025-01-19,2025-01-18,Newcastle Utd,Bournemouth,1.9262569231982651,0.9618440108855152,1,4,0.9262569231982651,3.0381559891144847,3.96441291231275,0.0005,1,25
2025-01-13/2025-01-19,2025-01-19,Ipswich Town,Manchester City,0.6666729035896002,1.8219041498329096,0,6,0.6666729035896002,4.17809585016709,4.844768753756691,0.0005,1,25
2025-01-13/2025-01-19,2025-01-19,Manchester Utd,Brighton,1.5066928268597473,0.9314706561008398,1,3,0.5066928268597473,2.06852934389916,2.5752221707589076,0.0005,1,25
2025-01-13/2025-01-19,2025-01-19,Everton,Tottenham,0.9107744678611787,1.1512581116882654,2,2,1.0892255321388213,0.8487418883117346,1.937967420450556,0.0005,1,25
2025-01-13/2025-01-19,2025-01-19,Nott'ham Forest,Southampton,1.9873795931299767,0.33911492686922795,3,2,1.0126204068700233,1.660885073130772,2.673505480000795,0.0005,1,25
2025-01-20/2025-01-26,2025-01-20,Chelsea,Wolves,3.062761496358079,0.9868283555027574,3,1,0.06276149635807915,0.013171644497242618,0.07593314085532177,0.0005,1,25
2025-01-20/2025-01-26,2025-01-25,Manchester City,Chelsea,2.242957115028866,1.1753053711242036,3,1,0.7570428849711339,0.17530537112420363,0.9323482560953376,0.0005,1,25
2025-01-20/2025-01-26,2025-01-25,Southampton,Newcastle Utd,0.5494098427930172,2.030253317859545,1,3,0.4505901572069828,0.969746682140455,1.4203368393474378,0.0005,1,25
2025-01-20/2025-01-26,2025-01-25,Brighton,Everton,1.1048295908839216,0.5748207239512718,0,1,1.1048295908839216,0.4251792760487282,1.5300088669326497,0.0005,1,25
2025-01-20/2025-01-26,2025-01-25,Wolves,Arsenal,0.6704340237735597,2.211216684732444,0,1,0.6704340237735597,1.211216684732444,1.8816507085060037,0.0005,1,25
2025-01-20/2025-01-26,2025-01-25,Liverpool,Ipswich Town,2.832339857212969,0.4678270110325931,4,1,1.1676601427870308,0.532172988967407,1.6998331317544377,0.0005,1,25
2025-01-20/2025-01-26,2025-01-25,Bournemouth,Nott'ham Forest,1.290018730870988,1.0307594321387676,5,0,3.709981269129012,1.0307594321387676,4.74074070126778,0.0005,1,25
2025-01-20/2025-01-26,2025-01-26,Tottenham,Leicester City,2.4910289355450153,0.8478426674432273,1,2,1.4910289355450153,1.1521573325567727,2.643186268101788,0.0005,1,25
2025-01-20/2025-01-26,2025-01-26,Fulham,Manchester Utd,1.601442795372362,1.1125093966087334,0,1,1.601442795372362,0.11250939660873338,1.7139521919810954,0.0005,1,25
2025-01-20/2025-01-26,2025-01-26,Aston Villa,West Ham,2.3317589069603444,1.18385030970325,1,1,1.3317589069603444,0.18385030970325,1.5156092166635944,0.0005,1,25
2025-01-20/2025-01-26,2025-01-26,Crystal Palace,Brentford,1.6891028034535087,1.1348669724247764,1,2,0.6891028034535087,0.8651330275752236,1.5542358310287323,0.0005,1,25
2025-01-27/2025-02-02,2025-02-01,Bournemouth,Liverpool,1.2217343456200023,1.4754740547901755,0,2,1.2217343456200023,0.5245259452098245,1.7462602908298268,0.0005,1,25
2025-01-27/2025-02-02,2025-02-01,Ipswich Town,Southampton,1.2666827292966216,0.5975683722266005,1,2,0.2666827292966216,1.4024316277733995,1.669114357070021,0.0005,1,25
2025-01-27/2025-02-02,2025-02-01,Wolves,Aston Villa,1.48514338181692,1.6490253448449077,2,0,0.51485661818308,1.6490253448449077,2.163881963027988,0.0005,1,25
2025-01-27/2025-02-02,2025-02-01,Newcastle Utd,Fulham,1.9208629337256007,1.0332604678904649,1,2,0.9208629337256007,0.9667395321095351,1.8876024658351358,0.0005,1,25
2025-01-27/2025-02-02,2025-02-01,Everton,Leicester City,1.0711816862912056,0.671789257801431,4,0,2.9288183137087946,0.671789257801431,3.6006075715102255,0.0005,1,25
2025-01-27/2025-02-02,2025-02-01,Nott'ham Forest,Brighton,1.388267754308327,0.864468797778189,6,0,4.611732245691673,0.864468797778189,5.476201043469862,0.0005,1,25
2025-01-27/2025-02-02,2025-02-02,Manchester Utd,Crystal Palace,1.2927878727656639,1.0831995381293342,0,2,1.2927878727656639,0.9168004618706658,2.2095883346363294,0.0005,1,25
2025-01-27/2025-02-02,2025-02-02,Arsenal,Manchester City,1.4458070285591407,0.843861742793858,5,1,3.5541929714408593,0.15613825720614205,3.7103312286470014,0.0005,1,25
2025-01-27/2025-02-02,2025-02-02,Brentford,Tottenham,1.9399320102148827,1.5802024606431317,0,1,1.9399320102148827,0.5802024606431317,2.5201344708580145,0.0005,1,25
2025-02-10/2025-02-16,2025-02-12,Everton,Liverpool,0.651262388534104,1.42160911482309,2,2,1.348737611465896,0.57839088517691,1.927128496642806,0.0005,1,25
2025-02-10/2025-02-16,2025-02-14,Brighton,Chelsea,1.1866407833677362,1.7589863377705126,3,0,1.8133592166322638,1.7589863377705126,3.5723455544027765,0.0005,1,25
2025-02-10/2025-02-16,2025-02-15,Aston Villa,Ipswich Town,2.0827029237652877,0.7702416699246234,1,1,1.0827029237652877,0.2297583300753766,1.3124612538406644,0.0005,1,25
2025-02-10/2025-02-16,2025-02-15,Crystal Palace,Everton,1.2182909295985338,0.5260216075105276,1,2,0.2182909295985338,1.4739783924894723,1.692269322088006,0.0005,1,25
2025-02-10/2025-02-16,2025-02-15,Southampton,Bournemouth,0.6109808259788579,1.7413633220670097,1,3,0.38901917402114206,1.2586366779329903,1.6476558519541324,0.0005,1,25
2025-02-10/2025-02-16,2025-02-15,Manchester City,Newcastle Utd,2.080866261526284,1.1010276110651174,4,0,1.919133738473716,1.1010276110651174,3.0201613495388333,0.0005,1,25
2025-02-10/2025-02-16,2025-02-15,Leicester City,Arsenal,0.5542297969097191,2.2847664901902056,0,2,0.5542297969097191,0.2847664901902056,0.8389962870999247,0.0005,1,25
2025-02-10/2025-02-16,2025-02-15,West Ham,Brentford,1.6256929842909889,1.6662053187732273,0,1,1.6256929842909889,0.6662053187732273,2.291898303064216,0.0005,1,25
2025-02-10/2025-02-16,2025-02-15,Fulham,Nott'ham Forest,1.3508611252849523,1.1264458123517938,2,1,0.6491388747150477,0.12644581235179375,0.7755846870668415,0.0005,1,25
2025-02-10/2025-02-16,2025-02-16,Liverpool,Wolves,2.888439457433215,0.6806147482010023,2,1,0.8884394574332148,0.3193852517989977,1.2078247092322125,0.0005,1,25
2025-02-10/2025-02-16,2025-02-16,Tottenham,Manchester Utd,1.8241123716050665,1.1229194147251544,1,0,0.8241123716050665,1.1229194147251544,1.947031786330221,0.0005,1,25
2025-02-17/2025-02-23,2025-02-19,Aston Villa,Liverpool,1.1720156012930576,1.938799534033989,2,2,0.8279843987069424,0.06120046596601103,0.8891848646729534,0.0005,1,25
2025-02-17/2025-02-23,2025-02-21,Leicester City,Brentford,1.1583246762755561,1.696413088518655,0,4,1.1583246762755561,2.3035869114813448,3.4619115877569007,0.0005,1,25
2025-02-17/2025-02-23,2025-02-22,Bournemouth,Wolves,2.13747635848121,0.866553730875939,0,1,2.13747635848121,0.133446269124061,2.270922627605271,0.0005,1,25
2025-02-17/2025-02-23,2025-02-22,Southampton,Brighton,0.7013332742560277,1.4120411512840192,0,4,0.7013332742560277,2.5879588487159806,3.2892921229720082,0.0005,1,25
2025-02-17/2025-02-23,2025-02-22,Arsenal,West Ham,2.6755851719932795,0.5506676123400805,0,1,2.6755851719932795,0.44933238765991945,3.124917559653199,0.0005,1,25
2025-02-17/2025-02-23,2025-02-22,Fulham,Crystal Palace,1.1758215446601012,1.0554219542029935,0,1,1.1758215446601012,0.05542195420299345,1.2312434988630947,0.0005,1,25
2025-02-17/2025-02-23,2025-02-22,Everton,Manchester Utd,1.0241611825993875,0.8691260514350689,2,2,0.9758388174006125,1.130873948564931,2.1067127659655434,0.0005,1,25
2025-02-17/2025-02-23,2025-02-22,Aston Villa,Chelsea,1.5764620705111223,1.9191139585822097,2,1,0.4235379294888777,0.9191139585822097,1.3426518880710874,0.0005,1,25
2025-02-17/2025-02-23,2025-02-22,Ipswich Town,Tottenham,0.943986043505793,1.7501970084461789,1,4,0.05601395649420704,2.249802991553821,2.305816948048028,0.0005,1,25
2025-02-17/2025-02-23,2025-02-23,Manchester City,Liverpool,1.7439210570897383,1.2480252830933096,0,2,1.7439210570897383,0.7519747169066904,2.4958957739964287,0.0005,1,25
2025-02-17/2025-02-23,2025-02-23,Newcastle Utd,Nott'ham Forest,1.6901873124851703,1.1155037474221121,4,3,2.30981268751483,1.8844962525778879,4.194308940092718,0.0005,1,25
2025-02-24/2025-03-02,2025-02-25,Crystal Palace,Aston Villa,1.6827952232234182,0.8798339462514204,4,1,2.317204776776582,0.12016605374857958,2.4373708305251616,0.0005,1,25
2025-02-24/2025-03-02,2025-02-25,Wolves,Fulham,1.1990179360206217,1.3922170417507964,1,2,0.19901793602062168,0.6077829582492036,0.8068008942698253,0.0005,1,25
2025-02-24/2025-03-02,2025-02-25,Chelsea,Southampton,3.373074143776043,0.520907499152031,4,0,0.626925856223957,0.520907499152031,1.147833355375988,0.0005,1,25
2025-02-24/2025-03-02,2025-02-25,Brighton,Bournemouth,1.1415616961389905,1.184052725773354,2,1,0.8584383038610095,0.18405272577335396,1.0424910296343635,0.0005,1,25
2025-02-24/2025-03-02,2025-02-26,Liverpool,Newcastle Utd,2.175902693668033,1.080931759510015,2,0,0.17590269366803302,1.080931759510015,1.256834453178048,0.0005,1,25
2025-02-24/2025-03-02,2025-02-26,Tottenham,Manchester City,1.4421200068257942,1.7855348374485278,0,1,1.4421200068257942,0.7855348374485278,2.227654844274322,0.0005,1,25
2025-02-24/2025-03-02,2025-02-26,Manchester Utd,Ipswich Town,1.8990905809866574,0.7094775314055572,2,2,0.1009094190133426,1.2905224685944428,1.3914318876077854,0.0005,1,25
2025-02-24/2025-03-02,2025-02-26,Brentford,Everton,1.5240433496286452,0.829907502439977,1,1,0.5240433496286452,0.17009249756002298,0.6941358471886682,0.0005,1,25
2025-02-24/2025-03-02,2025-02-26,Nott'ham Forest,Arsenal,0.867101816120825,1.3788567117017527,0,0,0.867101816120825,1.3788567117017527,2.2459585278225775,0.0005,1,25
2025-02-24/2025-03-02,2025-02-27,West Ham,Leicester City,2.0820470493846277,0.8933817527176114,1,0,1.0820470493846277,0.8933817527176114,1.9754288021022393,0.0005,1,25
